variant_id,run_id,feature_locus_tag,reference_accession,pos,ref,alt,variant_type,effect,impact,hgvs_c,hgvs_p
assembly_dbdebdd5dd27427c_1:349687:C>T,sample_01_Snippy_20260107,FPKKOBOA_00321,assembly_dbdebdd5dd27427c_1,349687,C,T,snp,missense_variant,MODERATE,c.998G>A,p.Ser333Asn
assembly_dbdebdd5dd27427c_1:349760:C>T,sample_01_Snippy_20260107,FPKKOBOA_00321,assembly_dbdebdd5dd27427c_1,349760,C,T,snp,missense_variant,MODERATE,c.925G>A,p.Val309Met
assembly_dbdebdd5dd27427c_1:350040:T>G,sample_01_Snippy_20260107,FPKKOBOA_00321,assembly_dbdebdd5dd27427c_1,350040,T,G,snp,missense_variant,MODERATE,c.645A>C,p.Gln215His
assembly_dbdebdd5dd27427c_1:532516:T>A,sample_01_Snippy_20260107,FPKKOBOA_00488,assembly_dbdebdd5dd27427c_1,532516,T,A,snp,missense_variant,MODERATE,c.604A>T,p.Ile202Phe
assembly_dbdebdd5dd27427c_1:532594:C>T,sample_01_Snippy_20260107,FPKKOBOA_00488,assembly_dbdebdd5dd27427c_1,532594,C,T,snp,missense_variant,MODERATE,c.526G>A,p.Val176Ile
assembly_dbdebdd5dd27427c_1:537211:G>T,sample_01_Snippy_20260107,FPKKOBOA_00494,assembly_dbdebdd5dd27427c_1,537211,G,T,snp,missense_variant,MODERATE,c.334C>A,p.Gln112Lys
assembly_dbdebdd5dd27427c_1:633672:T>G,sample_01_Snippy_20260107,FPKKOBOA_00578,assembly_dbdebdd5dd27427c_1,633672,T,G,snp,missense_variant,MODERATE,c.1923T>G,p.Asp641Glu
assembly_dbdebdd5dd27427c_1:633678:T>G,sample_01_Snippy_20260107,FPKKOBOA_00578,assembly_dbdebdd5dd27427c_1,633678,T,G,snp,missense_variant,MODERATE,c.1929T>G,p.His643Gln
assembly_dbdebdd5dd27427c_1:633917:A>G,sample_01_Snippy_20260107,FPKKOBOA_00578,assembly_dbdebdd5dd27427c_1,633917,A,G,snp,missense_variant,MODERATE,c.2168A>G,p.Lys723Arg
assembly_dbdebdd5dd27427c_1:810085:G>A,sample_01_Snippy_20260107,FPKKOBOA_00747,assembly_dbdebdd5dd27427c_1,810085,G,A,snp,missense_variant,MODERATE,c.46G>A,p.Val16Ile
assembly_dbdebdd5dd27427c_1:810112:G>T,sample_01_Snippy_20260107,FPKKOBOA_00747,assembly_dbdebdd5dd27427c_1,810112,G,T,snp,missense_variant,MODERATE,c.73G>T,p.Val25Leu
assembly_dbdebdd5dd27427c_1:812236:G>A,sample_01_Snippy_20260107,FPKKOBOA_00747,assembly_dbdebdd5dd27427c_1,812236,G,A,snp,missense_variant,MODERATE,c.2197G>A,p.Asp733Asn
assembly_dbdebdd5dd27427c_1:812413:A>C,sample_01_Snippy_20260107,FPKKOBOA_00747,assembly_dbdebdd5dd27427c_1,812413,A,C,snp,missense_variant,MODERATE,c.2374A>C,p.Met792Leu
assembly_dbdebdd5dd27427c_1:813206:G>T,sample_01_Snippy_20260107,FPKKOBOA_00747,assembly_dbdebdd5dd27427c_1,813206,G,T,snp,missense_variant,MODERATE,c.3167G>T,p.Cys1056Phe
assembly_dbdebdd5dd27427c_1:813619:A>G,sample_01_Snippy_20260107,FPKKOBOA_00747,assembly_dbdebdd5dd27427c_1,813619,A,G,snp,missense_variant,MODERATE,c.3580A>G,p.Ile1194Val
assembly_dbdebdd5dd27427c_1:813724:GT>AC,sample_01_Snippy_20260107,FPKKOBOA_00747,assembly_dbdebdd5dd27427c_1,813724,GT,AC,complex,missense_variant,MODERATE,c.3685_3686delGTinsAC,p.Val1229Thr
assembly_dbdebdd5dd27427c_1:813838:A>G,sample_01_Snippy_20260107,FPKKOBOA_00747,assembly_dbdebdd5dd27427c_1,813838,A,G,snp,missense_variant,MODERATE,c.3799A>G,p.Ile1267Val
assembly_dbdebdd5dd27427c_1:814189:CA>AC,sample_01_Snippy_20260107,FPKKOBOA_00747,assembly_dbdebdd5dd27427c_1,814189,CA,AC,complex,missense_variant,MODERATE,c.4150_4151delCAinsAC,p.Gln1384Thr
assembly_dbdebdd5dd27427c_1:814301:C>T,sample_01_Snippy_20260107,FPKKOBOA_00747,assembly_dbdebdd5dd27427c_1,814301,C,T,snp,missense_variant,MODERATE,c.4262C>T,p.Thr1421Ile
assembly_dbdebdd5dd27427c_1:814359:A>T,sample_01_Snippy_20260107,FPKKOBOA_00747,assembly_dbdebdd5dd27427c_1,814359,A,T,snp,missense_variant,MODERATE,c.4320A>T,p.Lys1440Asn
assembly_dbdebdd5dd27427c_1:823305:A>T,sample_01_Snippy_20260107,FPKKOBOA_00758,assembly_dbdebdd5dd27427c_1,823305,A,T,snp,missense_variant,MODERATE,c.315T>A,p.Asp105Glu
assembly_dbdebdd5dd27427c_1:823348:A>G,sample_01_Snippy_20260107,FPKKOBOA_00758,assembly_dbdebdd5dd27427c_1,823348,A,G,snp,missense_variant,MODERATE,c.272T>C,p.Ile91Thr
assembly_dbdebdd5dd27427c_1:1053274:G>A,sample_01_Snippy_20260107,FPKKOBOA_00980,assembly_dbdebdd5dd27427c_1,1053274,G,A,snp,missense_variant,MODERATE,c.247G>A,p.Val83Ile
assembly_dbdebdd5dd27427c_1:1114225:C>T,sample_01_Snippy_20260107,FPKKOBOA_01034,assembly_dbdebdd5dd27427c_1,1114225,C,T,snp,missense_variant,MODERATE,c.895G>A,p.Val299Ile
assembly_dbdebdd5dd27427c_1:1115571:A>T,sample_01_Snippy_20260107,FPKKOBOA_01035,assembly_dbdebdd5dd27427c_1,1115571,A,T,snp,missense_variant,MODERATE,c.618T>A,p.Phe206Leu
assembly_dbdebdd5dd27427c_1:1196970:A>G,sample_01_Snippy_20260107,FPKKOBOA_01118,assembly_dbdebdd5dd27427c_1,1196970,A,G,snp,missense_variant,MODERATE,c.28A>G,p.Ile10Val
assembly_dbdebdd5dd27427c_1:1198119:A>G,sample_01_Snippy_20260107,FPKKOBOA_01118,assembly_dbdebdd5dd27427c_1,1198119,A,G,snp,missense_variant,MODERATE,c.1177A>G,p.Thr393Ala
assembly_dbdebdd5dd27427c_1:1198131:G>C,sample_01_Snippy_20260107,FPKKOBOA_01118,assembly_dbdebdd5dd27427c_1,1198131,G,C,snp,missense_variant,MODERATE,c.1189G>C,p.Glu397Gln
assembly_dbdebdd5dd27427c_1:1346183:A>G,sample_01_Snippy_20260107,FPKKOBOA_01261,assembly_dbdebdd5dd27427c_1,1346183,A,G,snp,missense_variant,MODERATE,c.166A>G,p.Lys56Glu
assembly_dbdebdd5dd27427c_1:1421712:G>A,sample_01_Snippy_20260107,FPKKOBOA_01327,assembly_dbdebdd5dd27427c_1,1421712,G,A,snp,missense_variant,MODERATE,c.580G>A,p.Val194Ile
assembly_dbdebdd5dd27427c_1:1674405:A>G,sample_01_Snippy_20260107,FPKKOBOA_01549,assembly_dbdebdd5dd27427c_1,1674405,A,G,snp,missense_variant,MODERATE,c.1159T>C,p.Ser387Pro
assembly_dbdebdd5dd27427c_1:1815915:T>G,sample_01_Snippy_20260107,FPKKOBOA_01679,assembly_dbdebdd5dd27427c_1,1815915,T,G,snp,missense_variant,MODERATE,c.246T>G,p.Ile82Met
assembly_dbdebdd5dd27427c_1:1815991:C>T,sample_01_Snippy_20260107,FPKKOBOA_01679,assembly_dbdebdd5dd27427c_1,1815991,C,T,snp,missense_variant,MODERATE,c.322C>T,p.His108Tyr
assembly_dbdebdd5dd27427c_1:1816232:G>A,sample_01_Snippy_20260107,FPKKOBOA_01679,assembly_dbdebdd5dd27427c_1,1816232,G,A,snp,missense_variant,MODERATE,c.563G>A,p.Arg188Lys
assembly_dbdebdd5dd27427c_1:2200549:A>G,sample_01_Snippy_20260107,FPKKOBOA_02038,assembly_dbdebdd5dd27427c_1,2200549,A,G,snp,missense_variant,MODERATE,c.70T>C,p.Ser24Pro
assembly_dbdebdd5dd27427c_1:2244403:C>T,sample_01_Snippy_20260107,FPKKOBOA_02080,assembly_dbdebdd5dd27427c_1,2244403,C,T,snp,missense_variant,MODERATE,c.643G>A,p.Val215Ile
assembly_dbdebdd5dd27427c_1:2354336:G>A,sample_01_Snippy_20260107,FPKKOBOA_02185,assembly_dbdebdd5dd27427c_1,2354336,G,A,snp,missense_variant,MODERATE,c.727G>A,p.Val243Ile
assembly_dbdebdd5dd27427c_1:2356659:C>T,sample_01_Snippy_20260107,FPKKOBOA_02185,assembly_dbdebdd5dd27427c_1,2356659,C,T,snp,missense_variant,MODERATE,c.3050C>T,p.Ala1017Val
assembly_dbdebdd5dd27427c_1:2356870:A>T,sample_01_Snippy_20260107,FPKKOBOA_02186,assembly_dbdebdd5dd27427c_1,2356870,A,T,snp,missense_variant,MODERATE,c.176A>T,p.Lys59Met
assembly_dbdebdd5dd27427c_1:2357692:A>T,sample_01_Snippy_20260107,FPKKOBOA_02186,assembly_dbdebdd5dd27427c_1,2357692,A,T,snp,missense_variant,MODERATE,c.998A>T,p.Gln333Leu
assembly_dbdebdd5dd27427c_1:2357960:TG>CT,sample_01_Snippy_20260107,FPKKOBOA_02186,assembly_dbdebdd5dd27427c_1,2357960,TG,CT,complex,missense_variant,MODERATE,c.1266_1267delTGinsCT,p.Gly423Trp
assembly_dbdebdd5dd27427c_1:2410732:G>A,sample_01_Snippy_20260107,FPKKOBOA_02233,assembly_dbdebdd5dd27427c_1,2410732,G,A,snp,missense_variant,MODERATE,c.1272G>A,p.Met424Ile
assembly_dbdebdd5dd27427c_1:2513044:G>A,sample_01_Snippy_20260107,FPKKOBOA_02318,assembly_dbdebdd5dd27427c_1,2513044,G,A,snp,missense_variant,MODERATE,c.626G>A,p.Arg209His
assembly_dbdebdd5dd27427c_1:2513365:C>T,sample_01_Snippy_20260107,FPKKOBOA_02318,assembly_dbdebdd5dd27427c_1,2513365,C,T,snp,missense_variant,MODERATE,c.947C>T,p.Thr316Ile
assembly_dbdebdd5dd27427c_1:2513437:A>T,sample_01_Snippy_20260107,FPKKOBOA_02318,assembly_dbdebdd5dd27427c_1,2513437,A,T,snp,missense_variant,MODERATE,c.1019A>T,p.Asn340Ile
assembly_dbdebdd5dd27427c_1:2513549:A>C,sample_01_Snippy_20260107,FPKKOBOA_02318,assembly_dbdebdd5dd27427c_1,2513549,A,C,snp,missense_variant,MODERATE,c.1131A>C,p.Arg377Ser
assembly_dbdebdd5dd27427c_1:2513560:C>A,sample_01_Snippy_20260107,FPKKOBOA_02318,assembly_dbdebdd5dd27427c_1,2513560,C,A,snp,missense_variant,MODERATE,c.1142C>A,p.Thr381Lys
assembly_dbdebdd5dd27427c_1:2642852:G>A,sample_01_Snippy_20260107,FPKKOBOA_02434,assembly_dbdebdd5dd27427c_1,2642852,G,A,snp,missense_variant,MODERATE,c.3095C>T,p.Ala1032Val
assembly_dbdebdd5dd27427c_1:2645865:T>A,sample_01_Snippy_20260107,FPKKOBOA_02434,assembly_dbdebdd5dd27427c_1,2645865,T,A,snp,missense_variant,MODERATE,c.82A>T,p.Ile28Leu
assembly_dbdebdd5dd27427c_1:2647964:A>C,sample_01_Snippy_20260107,FPKKOBOA_02436,assembly_dbdebdd5dd27427c_1,2647964,A,C,snp,missense_variant,MODERATE,c.376T>G,p.Ser126Ala
assembly_dbdebdd5dd27427c_1:2714564:C>G,sample_01_Snippy_20260107,FPKKOBOA_02498,assembly_dbdebdd5dd27427c_1,2714564,C,G,snp,missense_variant,MODERATE,c.1060C>G,p.Gln354Glu
assembly_dbdebdd5dd27427c_1:2714912:A>C,sample_01_Snippy_20260107,FPKKOBOA_02498,assembly_dbdebdd5dd27427c_1,2714912,A,C,snp,missense_variant,MODERATE,c.1408A>C,p.Ser470Arg
assembly_dbdebdd5dd27427c_1:2789731:G>A,sample_01_Snippy_20260107,FPKKOBOA_02567,assembly_dbdebdd5dd27427c_1,2789731,G,A,snp,missense_variant,MODERATE,c.665G>A,p.Arg222Lys
assembly_dbdebdd5dd27427c_1:2789908:G>A,sample_01_Snippy_20260107,FPKKOBOA_02567,assembly_dbdebdd5dd27427c_1,2789908,G,A,snp,missense_variant,MODERATE,c.842G>A,p.Arg281His
assembly_dbdebdd5dd27427c_1:2790051:A>G,sample_01_Snippy_20260107,FPKKOBOA_02567,assembly_dbdebdd5dd27427c_1,2790051,A,G,snp,missense_variant,MODERATE,c.985A>G,p.Ile329Val
assembly_dbdebdd5dd27427c_1:3119110:G>A,sample_01_Snippy_20260107,FPKKOBOA_02856,assembly_dbdebdd5dd27427c_1,3119110,G,A,snp,missense_variant,MODERATE,c.1034G>A,p.Gly345Asp
assembly_dbdebdd5dd27427c_1:3312373:C>T,sample_01_Snippy_20260107,FPKKOBOA_03058,assembly_dbdebdd5dd27427c_1,3312373,C,T,snp,missense_variant,MODERATE,c.104C>T,p.Ala35Val
assembly_dbdebdd5dd27427c_1:3316279:C>T,sample_01_Snippy_20260107,FPKKOBOA_03059,assembly_dbdebdd5dd27427c_1,3316279,C,T,snp,missense_variant,MODERATE,c.2861C>T,p.Ala954Val
assembly_dbdebdd5dd27427c_1:3404069:G>C,sample_01_Snippy_20260107,FPKKOBOA_03139,assembly_dbdebdd5dd27427c_1,3404069,G,C,snp,missense_variant,MODERATE,c.2083C>G,p.Gln695Glu
assembly_dbdebdd5dd27427c_1:3544867:G>T,sample_01_Snippy_20260107,FPKKOBOA_03264,assembly_dbdebdd5dd27427c_1,3544867,G,T,snp,missense_variant,MODERATE,c.959C>A,p.Thr320Lys
assembly_dbdebdd5dd27427c_1:3545765:T>C,sample_01_Snippy_20260107,FPKKOBOA_03264,assembly_dbdebdd5dd27427c_1,3545765,T,C,snp,missense_variant,MODERATE,c.61A>G,p.Ile21Val
assembly_dbdebdd5dd27427c_1:3666749:G>A,sample_01_Snippy_20260107,FPKKOBOA_03359,assembly_dbdebdd5dd27427c_1,3666749,G,A,snp,missense_variant,MODERATE,c.2545G>A,p.Val849Ile
assembly_dbdebdd5dd27427c_1:3668850:TTG>GTA,sample_01_Snippy_20260107,FPKKOBOA_03360,assembly_dbdebdd5dd27427c_1,3668850,TTG,GTA,complex,missense_variant,MODERATE,c.199_201delTTGinsGTA,p.Leu67Val
assembly_dbdebdd5dd27427c_1:3668991:G>T,sample_01_Snippy_20260107,FPKKOBOA_03360,assembly_dbdebdd5dd27427c_1,3668991,G,T,snp,missense_variant,MODERATE,c.340G>T,p.Val114Leu
assembly_dbdebdd5dd27427c_1:3669361:T>C,sample_01_Snippy_20260107,FPKKOBOA_03360,assembly_dbdebdd5dd27427c_1,3669361,T,C,snp,missense_variant,MODERATE,c.710T>C,p.Ile237Thr
assembly_dbdebdd5dd27427c_1:3670966:T>C,sample_01_Snippy_20260107,FPKKOBOA_03362,assembly_dbdebdd5dd27427c_1,3670966,T,C,snp,missense_variant,MODERATE,c.32T>C,p.Val11Ala
assembly_dbdebdd5dd27427c_1:3671606:TCACAAT>CCGTACC,sample_01_Snippy_20260107,FPKKOBOA_03362,assembly_dbdebdd5dd27427c_1,3671606,TCACAAT,CCGTACC,complex,missense_variant,MODERATE,c.672_678delTCACAATinsCCGTACC,p.HisAsn225ArgThr
assembly_dbdebdd5dd27427c_1:3671743:C>T,sample_01_Snippy_20260107,FPKKOBOA_03362,assembly_dbdebdd5dd27427c_1,3671743,C,T,snp,missense_variant,MODERATE,c.809C>T,p.Thr270Ile
assembly_dbdebdd5dd27427c_1:3671807:A>T,sample_01_Snippy_20260107,FPKKOBOA_03362,assembly_dbdebdd5dd27427c_1,3671807,A,T,snp,missense_variant,MODERATE,c.873A>T,p.Glu291Asp
assembly_dbdebdd5dd27427c_1:3718852:A>G,sample_01_Snippy_20260107,FPKKOBOA_03412,assembly_dbdebdd5dd27427c_1,3718852,A,G,snp,missense_variant,MODERATE,c.64A>G,p.Thr22Ala
assembly_dbdebdd5dd27427c_1:3720315:G>A,sample_01_Snippy_20260107,FPKKOBOA_03413,assembly_dbdebdd5dd27427c_1,3720315,G,A,snp,missense_variant,MODERATE,c.166G>A,p.Val56Ile
assembly_dbdebdd5dd27427c_1:3722264:C>T,sample_01_Snippy_20260107,FPKKOBOA_03414,assembly_dbdebdd5dd27427c_1,3722264,C,T,snp,missense_variant,MODERATE,c.1000C>T,p.His334Tyr
assembly_dbdebdd5dd27427c_1:3722574:G>A,sample_01_Snippy_20260107,FPKKOBOA_03414,assembly_dbdebdd5dd27427c_1,3722574,G,A,snp,missense_variant,MODERATE,c.1310G>A,p.Arg437Lys
assembly_dbdebdd5dd27427c_1:3724130:C>A,sample_01_Snippy_20260107,FPKKOBOA_03414,assembly_dbdebdd5dd27427c_1,3724130,C,A,snp,missense_variant,MODERATE,c.2866C>A,p.His956Asn
assembly_dbdebdd5dd27427c_1:3958379:C>T,sample_01_Snippy_20260107,FPKKOBOA_03649,assembly_dbdebdd5dd27427c_1,3958379,C,T,snp,missense_variant,MODERATE,c.439G>A,p.Val147Ile
assembly_dbdebdd5dd27427c_1:4034583:T>C,sample_01_Snippy_20260107,FPKKOBOA_03710,assembly_dbdebdd5dd27427c_1,4034583,T,C,snp,missense_variant,MODERATE,c.967A>G,p.Ile323Val
assembly_dbdebdd5dd27427c_1:349687:C>T,sample_02_Snippy_20260107,FPKKOBOA_00321,assembly_dbdebdd5dd27427c_1,349687,C,T,snp,missense_variant,MODERATE,c.998G>A,p.Ser333Asn
assembly_dbdebdd5dd27427c_1:349760:C>T,sample_02_Snippy_20260107,FPKKOBOA_00321,assembly_dbdebdd5dd27427c_1,349760,C,T,snp,missense_variant,MODERATE,c.925G>A,p.Val309Met
assembly_dbdebdd5dd27427c_1:350040:T>G,sample_02_Snippy_20260107,FPKKOBOA_00321,assembly_dbdebdd5dd27427c_1,350040,T,G,snp,missense_variant,MODERATE,c.645A>C,p.Gln215His
assembly_dbdebdd5dd27427c_1:532516:T>A,sample_02_Snippy_20260107,FPKKOBOA_00488,assembly_dbdebdd5dd27427c_1,532516,T,A,snp,missense_variant,MODERATE,c.604A>T,p.Ile202Phe
assembly_dbdebdd5dd27427c_1:532594:C>T,sample_02_Snippy_20260107,FPKKOBOA_00488,assembly_dbdebdd5dd27427c_1,532594,C,T,snp,missense_variant,MODERATE,c.526G>A,p.Val176Ile
assembly_dbdebdd5dd27427c_1:537211:G>T,sample_02_Snippy_20260107,FPKKOBOA_00494,assembly_dbdebdd5dd27427c_1,537211,G,T,snp,missense_variant,MODERATE,c.334C>A,p.Gln112Lys
assembly_dbdebdd5dd27427c_1:633672:T>G,sample_02_Snippy_20260107,FPKKOBOA_00578,assembly_dbdebdd5dd27427c_1,633672,T,G,snp,missense_variant,MODERATE,c.1923T>G,p.Asp641Glu
assembly_dbdebdd5dd27427c_1:633678:T>G,sample_02_Snippy_20260107,FPKKOBOA_00578,assembly_dbdebdd5dd27427c_1,633678,T,G,snp,missense_variant,MODERATE,c.1929T>G,p.His643Gln
assembly_dbdebdd5dd27427c_1:633917:A>G,sample_02_Snippy_20260107,FPKKOBOA_00578,assembly_dbdebdd5dd27427c_1,633917,A,G,snp,missense_variant,MODERATE,c.2168A>G,p.Lys723Arg
assembly_dbdebdd5dd27427c_1:810085:G>A,sample_02_Snippy_20260107,FPKKOBOA_00747,assembly_dbdebdd5dd27427c_1,810085,G,A,snp,missense_variant,MODERATE,c.46G>A,p.Val16Ile
assembly_dbdebdd5dd27427c_1:810112:G>T,sample_02_Snippy_20260107,FPKKOBOA_00747,assembly_dbdebdd5dd27427c_1,810112,G,T,snp,missense_variant,MODERATE,c.73G>T,p.Val25Leu
assembly_dbdebdd5dd27427c_1:812236:G>A,sample_02_Snippy_20260107,FPKKOBOA_00747,assembly_dbdebdd5dd27427c_1,812236,G,A,snp,missense_variant,MODERATE,c.2197G>A,p.Asp733Asn
assembly_dbdebdd5dd27427c_1:812413:A>C,sample_02_Snippy_20260107,FPKKOBOA_00747,assembly_dbdebdd5dd27427c_1,812413,A,C,snp,missense_variant,MODERATE,c.2374A>C,p.Met792Leu
assembly_dbdebdd5dd27427c_1:813206:G>T,sample_02_Snippy_20260107,FPKKOBOA_00747,assembly_dbdebdd5dd27427c_1,813206,G,T,snp,missense_variant,MODERATE,c.3167G>T,p.Cys1056Phe
assembly_dbdebdd5dd27427c_1:813619:A>G,sample_02_Snippy_20260107,FPKKOBOA_00747,assembly_dbdebdd5dd27427c_1,813619,A,G,snp,missense_variant,MODERATE,c.3580A>G,p.Ile1194Val
assembly_dbdebdd5dd27427c_1:813724:GT>AC,sample_02_Snippy_20260107,FPKKOBOA_00747,assembly_dbdebdd5dd27427c_1,813724,GT,AC,complex,missense_variant,MODERATE,c.3685_3686delGTinsAC,p.Val1229Thr
assembly_dbdebdd5dd27427c_1:813838:A>G,sample_02_Snippy_20260107,FPKKOBOA_00747,assembly_dbdebdd5dd27427c_1,813838,A,G,snp,missense_variant,MODERATE,c.3799A>G,p.Ile1267Val
assembly_dbdebdd5dd27427c_1:814189:CA>AC,sample_02_Snippy_20260107,FPKKOBOA_00747,assembly_dbdebdd5dd27427c_1,814189,CA,AC,complex,missense_variant,MODERATE,c.4150_4151delCAinsAC,p.Gln1384Thr
assembly_dbdebdd5dd27427c_1:814301:C>T,sample_02_Snippy_20260107,FPKKOBOA_00747,assembly_dbdebdd5dd27427c_1,814301,C,T,snp,missense_variant,MODERATE,c.4262C>T,p.Thr1421Ile
assembly_dbdebdd5dd27427c_1:814359:A>T,sample_02_Snippy_20260107,FPKKOBOA_00747,assembly_dbdebdd5dd27427c_1,814359,A,T,snp,missense_variant,MODERATE,c.4320A>T,p.Lys1440Asn
assembly_dbdebdd5dd27427c_1:823305:A>T,sample_02_Snippy_20260107,FPKKOBOA_00758,assembly_dbdebdd5dd27427c_1,823305,A,T,snp,missense_variant,MODERATE,c.315T>A,p.Asp105Glu
assembly_dbdebdd5dd27427c_1:823348:A>G,sample_02_Snippy_20260107,FPKKOBOA_00758,assembly_dbdebdd5dd27427c_1,823348,A,G,snp,missense_variant,MODERATE,c.272T>C,p.Ile91Thr
assembly_dbdebdd5dd27427c_1:1053274:G>A,sample_02_Snippy_20260107,FPKKOBOA_00980,assembly_dbdebdd5dd27427c_1,1053274,G,A,snp,missense_variant,MODERATE,c.247G>A,p.Val83Ile
assembly_dbdebdd5dd27427c_1:1114225:C>T,sample_02_Snippy_20260107,FPKKOBOA_01034,assembly_dbdebdd5dd27427c_1,1114225,C,T,snp,missense_variant,MODERATE,c.895G>A,p.Val299Ile
assembly_dbdebdd5dd27427c_1:1115571:A>T,sample_02_Snippy_20260107,FPKKOBOA_01035,assembly_dbdebdd5dd27427c_1,1115571,A,T,snp,missense_variant,MODERATE,c.618T>A,p.Phe206Leu
assembly_dbdebdd5dd27427c_1:1196970:A>G,sample_02_Snippy_20260107,FPKKOBOA_01118,assembly_dbdebdd5dd27427c_1,1196970,A,G,snp,missense_variant,MODERATE,c.28A>G,p.Ile10Val
assembly_dbdebdd5dd27427c_1:1198119:A>G,sample_02_Snippy_20260107,FPKKOBOA_01118,assembly_dbdebdd5dd27427c_1,1198119,A,G,snp,missense_variant,MODERATE,c.1177A>G,p.Thr393Ala
assembly_dbdebdd5dd27427c_1:1198131:G>C,sample_02_Snippy_20260107,FPKKOBOA_01118,assembly_dbdebdd5dd27427c_1,1198131,G,C,snp,missense_variant,MODERATE,c.1189G>C,p.Glu397Gln
assembly_dbdebdd5dd27427c_1:1346183:A>G,sample_02_Snippy_20260107,FPKKOBOA_01261,assembly_dbdebdd5dd27427c_1,1346183,A,G,snp,missense_variant,MODERATE,c.166A>G,p.Lys56Glu
assembly_dbdebdd5dd27427c_1:1421712:G>A,sample_02_Snippy_20260107,FPKKOBOA_01327,assembly_dbdebdd5dd27427c_1,1421712,G,A,snp,missense_variant,MODERATE,c.580G>A,p.Val194Ile
assembly_dbdebdd5dd27427c_1:1674405:A>G,sample_02_Snippy_20260107,FPKKOBOA_01549,assembly_dbdebdd5dd27427c_1,1674405,A,G,snp,missense_variant,MODERATE,c.1159T>C,p.Ser387Pro
assembly_dbdebdd5dd27427c_1:1815915:T>G,sample_02_Snippy_20260107,FPKKOBOA_01679,assembly_dbdebdd5dd27427c_1,1815915,T,G,snp,missense_variant,MODERATE,c.246T>G,p.Ile82Met
assembly_dbdebdd5dd27427c_1:1815991:C>T,sample_02_Snippy_20260107,FPKKOBOA_01679,assembly_dbdebdd5dd27427c_1,1815991,C,T,snp,missense_variant,MODERATE,c.322C>T,p.His108Tyr
assembly_dbdebdd5dd27427c_1:1816232:G>A,sample_02_Snippy_20260107,FPKKOBOA_01679,assembly_dbdebdd5dd27427c_1,1816232,G,A,snp,missense_variant,MODERATE,c.563G>A,p.Arg188Lys
assembly_dbdebdd5dd27427c_1:2200549:A>G,sample_02_Snippy_20260107,FPKKOBOA_02038,assembly_dbdebdd5dd27427c_1,2200549,A,G,snp,missense_variant,MODERATE,c.70T>C,p.Ser24Pro
assembly_dbdebdd5dd27427c_1:2244403:C>T,sample_02_Snippy_20260107,FPKKOBOA_02080,assembly_dbdebdd5dd27427c_1,2244403,C,T,snp,missense_variant,MODERATE,c.643G>A,p.Val215Ile
assembly_dbdebdd5dd27427c_1:2354336:G>A,sample_02_Snippy_20260107,FPKKOBOA_02185,assembly_dbdebdd5dd27427c_1,2354336,G,A,snp,missense_variant,MODERATE,c.727G>A,p.Val243Ile
assembly_dbdebdd5dd27427c_1:2356659:C>T,sample_02_Snippy_20260107,FPKKOBOA_02185,assembly_dbdebdd5dd27427c_1,2356659,C,T,snp,missense_variant,MODERATE,c.3050C>T,p.Ala1017Val
assembly_dbdebdd5dd27427c_1:2356870:A>T,sample_02_Snippy_20260107,FPKKOBOA_02186,assembly_dbdebdd5dd27427c_1,2356870,A,T,snp,missense_variant,MODERATE,c.176A>T,p.Lys59Met
assembly_dbdebdd5dd27427c_1:2357692:A>T,sample_02_Snippy_20260107,FPKKOBOA_02186,assembly_dbdebdd5dd27427c_1,2357692,A,T,snp,missense_variant,MODERATE,c.998A>T,p.Gln333Leu
assembly_dbdebdd5dd27427c_1:2357960:TG>CT,sample_02_Snippy_20260107,FPKKOBOA_02186,assembly_dbdebdd5dd27427c_1,2357960,TG,CT,complex,missense_variant,MODERATE,c.1266_1267delTGinsCT,p.Gly423Trp
assembly_dbdebdd5dd27427c_1:2410732:G>A,sample_02_Snippy_20260107,FPKKOBOA_02233,assembly_dbdebdd5dd27427c_1,2410732,G,A,snp,missense_variant,MODERATE,c.1272G>A,p.Met424Ile
assembly_dbdebdd5dd27427c_1:2513044:G>A,sample_02_Snippy_20260107,FPKKOBOA_02318,assembly_dbdebdd5dd27427c_1,2513044,G,A,snp,missense_variant,MODERATE,c.626G>A,p.Arg209His
assembly_dbdebdd5dd27427c_1:2513365:C>T,sample_02_Snippy_20260107,FPKKOBOA_02318,assembly_dbdebdd5dd27427c_1,2513365,C,T,snp,missense_variant,MODERATE,c.947C>T,p.Thr316Ile
assembly_dbdebdd5dd27427c_1:2513437:A>T,sample_02_Snippy_20260107,FPKKOBOA_02318,assembly_dbdebdd5dd27427c_1,2513437,A,T,snp,missense_variant,MODERATE,c.1019A>T,p.Asn340Ile
assembly_dbdebdd5dd27427c_1:2513549:A>C,sample_02_Snippy_20260107,FPKKOBOA_02318,assembly_dbdebdd5dd27427c_1,2513549,A,C,snp,missense_variant,MODERATE,c.1131A>C,p.Arg377Ser
assembly_dbdebdd5dd27427c_1:2513560:C>A,sample_02_Snippy_20260107,FPKKOBOA_02318,assembly_dbdebdd5dd27427c_1,2513560,C,A,snp,missense_variant,MODERATE,c.1142C>A,p.Thr381Lys
assembly_dbdebdd5dd27427c_1:2642852:G>A,sample_02_Snippy_20260107,FPKKOBOA_02434,assembly_dbdebdd5dd27427c_1,2642852,G,A,snp,missense_variant,MODERATE,c.3095C>T,p.Ala1032Val
assembly_dbdebdd5dd27427c_1:2645865:T>A,sample_02_Snippy_20260107,FPKKOBOA_02434,assembly_dbdebdd5dd27427c_1,2645865,T,A,snp,missense_variant,MODERATE,c.82A>T,p.Ile28Leu
assembly_dbdebdd5dd27427c_1:2647964:A>C,sample_02_Snippy_20260107,FPKKOBOA_02436,assembly_dbdebdd5dd27427c_1,2647964,A,C,snp,missense_variant,MODERATE,c.376T>G,p.Ser126Ala
assembly_dbdebdd5dd27427c_1:2714564:C>G,sample_02_Snippy_20260107,FPKKOBOA_02498,assembly_dbdebdd5dd27427c_1,2714564,C,G,snp,missense_variant,MODERATE,c.1060C>G,p.Gln354Glu
assembly_dbdebdd5dd27427c_1:2714912:A>C,sample_02_Snippy_20260107,FPKKOBOA_02498,assembly_dbdebdd5dd27427c_1,2714912,A,C,snp,missense_variant,MODERATE,c.1408A>C,p.Ser470Arg
assembly_dbdebdd5dd27427c_1:2789731:G>A,sample_02_Snippy_20260107,FPKKOBOA_02567,assembly_dbdebdd5dd27427c_1,2789731,G,A,snp,missense_variant,MODERATE,c.665G>A,p.Arg222Lys
assembly_dbdebdd5dd27427c_1:2789908:G>A,sample_02_Snippy_20260107,FPKKOBOA_02567,assembly_dbdebdd5dd27427c_1,2789908,G,A,snp,missense_variant,MODERATE,c.842G>A,p.Arg281His
assembly_dbdebdd5dd27427c_1:2790051:A>G,sample_02_Snippy_20260107,FPKKOBOA_02567,assembly_dbdebdd5dd27427c_1,2790051,A,G,snp,missense_variant,MODERATE,c.985A>G,p.Ile329Val
assembly_dbdebdd5dd27427c_1:3119110:G>A,sample_02_Snippy_20260107,FPKKOBOA_02856,assembly_dbdebdd5dd27427c_1,3119110,G,A,snp,missense_variant,MODERATE,c.1034G>A,p.Gly345Asp
assembly_dbdebdd5dd27427c_1:3312373:C>T,sample_02_Snippy_20260107,FPKKOBOA_03058,assembly_dbdebdd5dd27427c_1,3312373,C,T,snp,missense_variant,MODERATE,c.104C>T,p.Ala35Val
assembly_dbdebdd5dd27427c_1:3316279:C>T,sample_02_Snippy_20260107,FPKKOBOA_03059,assembly_dbdebdd5dd27427c_1,3316279,C,T,snp,missense_variant,MODERATE,c.2861C>T,p.Ala954Val
assembly_dbdebdd5dd27427c_1:3404069:G>C,sample_02_Snippy_20260107,FPKKOBOA_03139,assembly_dbdebdd5dd27427c_1,3404069,G,C,snp,missense_variant,MODERATE,c.2083C>G,p.Gln695Glu
assembly_dbdebdd5dd27427c_1:3544867:G>T,sample_02_Snippy_20260107,FPKKOBOA_03264,assembly_dbdebdd5dd27427c_1,3544867,G,T,snp,missense_variant,MODERATE,c.959C>A,p.Thr320Lys
assembly_dbdebdd5dd27427c_1:3545765:T>C,sample_02_Snippy_20260107,FPKKOBOA_03264,assembly_dbdebdd5dd27427c_1,3545765,T,C,snp,missense_variant,MODERATE,c.61A>G,p.Ile21Val
assembly_dbdebdd5dd27427c_1:3666749:G>A,sample_02_Snippy_20260107,FPKKOBOA_03359,assembly_dbdebdd5dd27427c_1,3666749,G,A,snp,missense_variant,MODERATE,c.2545G>A,p.Val849Ile
assembly_dbdebdd5dd27427c_1:3668850:TTG>GTA,sample_02_Snippy_20260107,FPKKOBOA_03360,assembly_dbdebdd5dd27427c_1,3668850,TTG,GTA,complex,missense_variant,MODERATE,c.199_201delTTGinsGTA,p.Leu67Val
assembly_dbdebdd5dd27427c_1:3668991:G>T,sample_02_Snippy_20260107,FPKKOBOA_03360,assembly_dbdebdd5dd27427c_1,3668991,G,T,snp,missense_variant,MODERATE,c.340G>T,p.Val114Leu
assembly_dbdebdd5dd27427c_1:3669361:T>C,sample_02_Snippy_20260107,FPKKOBOA_03360,assembly_dbdebdd5dd27427c_1,3669361,T,C,snp,missense_variant,MODERATE,c.710T>C,p.Ile237Thr
assembly_dbdebdd5dd27427c_1:3670966:T>C,sample_02_Snippy_20260107,FPKKOBOA_03362,assembly_dbdebdd5dd27427c_1,3670966,T,C,snp,missense_variant,MODERATE,c.32T>C,p.Val11Ala
assembly_dbdebdd5dd27427c_1:3671606:TCACAAT>CCGTACC,sample_02_Snippy_20260107,FPKKOBOA_03362,assembly_dbdebdd5dd27427c_1,3671606,TCACAAT,CCGTACC,complex,missense_variant,MODERATE,c.672_678delTCACAATinsCCGTACC,p.HisAsn225ArgThr
assembly_dbdebdd5dd27427c_1:3671743:C>T,sample_02_Snippy_20260107,FPKKOBOA_03362,assembly_dbdebdd5dd27427c_1,3671743,C,T,snp,missense_variant,MODERATE,c.809C>T,p.Thr270Ile
assembly_dbdebdd5dd27427c_1:3671807:A>T,sample_02_Snippy_20260107,FPKKOBOA_03362,assembly_dbdebdd5dd27427c_1,3671807,A,T,snp,missense_variant,MODERATE,c.873A>T,p.Glu291Asp
assembly_dbdebdd5dd27427c_1:3718852:A>G,sample_02_Snippy_20260107,FPKKOBOA_03412,assembly_dbdebdd5dd27427c_1,3718852,A,G,snp,missense_variant,MODERATE,c.64A>G,p.Thr22Ala
assembly_dbdebdd5dd27427c_1:3720315:G>A,sample_02_Snippy_20260107,FPKKOBOA_03413,assembly_dbdebdd5dd27427c_1,3720315,G,A,snp,missense_variant,MODERATE,c.166G>A,p.Val56Ile
assembly_dbdebdd5dd27427c_1:3722264:C>T,sample_02_Snippy_20260107,FPKKOBOA_03414,assembly_dbdebdd5dd27427c_1,3722264,C,T,snp,missense_variant,MODERATE,c.1000C>T,p.His334Tyr
assembly_dbdebdd5dd27427c_1:3722574:G>A,sample_02_Snippy_20260107,FPKKOBOA_03414,assembly_dbdebdd5dd27427c_1,3722574,G,A,snp,missense_variant,MODERATE,c.1310G>A,p.Arg437Lys
assembly_dbdebdd5dd27427c_1:3724130:C>A,sample_02_Snippy_20260107,FPKKOBOA_03414,assembly_dbdebdd5dd27427c_1,3724130,C,A,snp,missense_variant,MODERATE,c.2866C>A,p.His956Asn
assembly_dbdebdd5dd27427c_1:3958379:C>T,sample_02_Snippy_20260107,FPKKOBOA_03649,assembly_dbdebdd5dd27427c_1,3958379,C,T,snp,missense_variant,MODERATE,c.439G>A,p.Val147Ile
assembly_dbdebdd5dd27427c_1:4034583:T>C,sample_02_Snippy_20260107,FPKKOBOA_03710,assembly_dbdebdd5dd27427c_1,4034583,T,C,snp,missense_variant,MODERATE,c.967A>G,p.Ile323Val
